alpha,auc,beta,build_seconds,converged,epsilon,experiment,friend_attacks,gamma,iterations,lambda1,lambda2,max_iterations,method,propagation_seconds,repeat,residual,runtime_beta,seed_count,x,xi,zeta
,1.0,,,,,toy_k,,,,,,,socact,,,,,,0.0,,
,1.0,,,,,toy_aggregate_k,,,,,,,socact,,,,,,0.0,,
,0.8333333333333334,,,,,toy_k,,,,,,,socact,,,,,,1.0,,
,1.0,,,,,toy_aggregate_k,,,,,,,socact,,,,,,1.0,,
,0.6666666666666666,,,,,toy_k,,,,,,,socact,,,,,,2.0,,
,0.6666666666666666,,,,,toy_aggregate_k,,,,,,,socact,,,,,,2.0,,
,0.5,,,,,toy_k,,,,,,,socact,,,,,,3.0,,
,0.5,,,,,toy_aggregate_k,,,,,,,socact,,,,,,3.0,,
,0.5,,,,,toy_k,,,,,,,socact,,,,,,4.0,,
,0.5,,,,,toy_aggregate_k,,,,,,,socact,,,,,,4.0,,
,0.5,,,,,toy_k,,,,,,,socact,,,,,,5.0,,
,0.5,,,,,toy_aggregate_k,,,,,,,socact,,,,,,5.0,,
,0.5,,,,,toy_n,,,,,,,socact,,,,,,1.0,,
,0.5,,,,,toy_n,,,,,,,socact,,,,,,2.0,,
,0.5,,,,,toy_n,,,,,,,socact,,,,,,3.0,,
,0.5,,,,,toy_n,,,,,,,socact,,,,,,4.0,,
,0.5,,,,,toy_n,,,,,,,socact,,,,,,5.0,,
,0.5,,,,,toy_n,,,,,,,socact,,,,,,6.0,,
,0.5,,,,,toy_n,,,,,,,socact,,,,,,7.0,,
,0.5,,,,,toy_n,,,,,,,socact,,,,,,8.0,,
,0.5,,,,,toy_n,,,,,,,socact,,,,,,9.0,,
,0.5,,,,,toy_n,,,,,,,socact,,,,,,10.0,,
0.1,0.9027449406019628,0.04,0.0766473039984703,True,0.001,friendship_attack,1600,0.425,28,2.0,3.0,100000,scasan,0.15733220900438027,0,0.0009576927422976754,,10,1600.0,2e-05,0.27
0.1,0.7537182232239282,0.04,1.6524952399995527,True,0.001,friendship_attack,1600,0.425,15,2.0,3.0,100000,socact,1.02006004100258,0,0.0009024915964615539,,10,1600.0,2e-05,0.27
0.1,0.717433316116511,0.04,0.017166012003144715,True,0.001,friendship_attack,1600,0.425,6,2.0,3.0,100000,friendship,0.015140029005124234,0,0.0008910938062876437,,10,1600.0,2e-05,0.27
0.1,0.864813995711446,0.04,0.07447501299611758,True,0.001,friendship_attack,3200,0.425,28,2.0,3.0,100000,scasan,0.15462054299860029,0,0.0009575168004207518,,10,3200.0,2e-05,0.27
0.1,0.6669043370740793,0.04,1.55328716099757,True,0.001,friendship_attack,3200,0.425,15,2.0,3.0,100000,socact,0.9285143509987392,0,0.0009024084513875882,,10,3200.0,2e-05,0.27
0.1,0.6314251303000422,0.04,0.015548961004242301,True,0.001,friendship_attack,3200,0.425,6,2.0,3.0,100000,friendship,0.012258280999958515,0,0.0008538004026851335,,10,3200.0,2e-05,0.27
0.1,0.8332234587031038,0.04,0.06665224699827377,True,0.001,friendship_attack,6400,0.425,28,2.0,3.0,100000,scasan,0.13131621899810852,0,0.0009577051136738385,,10,6400.0,2e-05,0.27
0.1,0.5889111924997261,0.04,1.507528640999226,True,0.001,friendship_attack,6400,0.425,15,2.0,3.0,100000,socact,0.9386937079980271,0,0.0009020916810373471,,10,6400.0,2e-05,0.27
0.1,0.5688074533189338,0.04,0.01905812400218565,True,0.001,friendship_attack,6400,0.425,6,2.0,3.0,100000,friendship,0.012865969998529181,0,0.0008482391326227783,,10,6400.0,2e-05,0.27
0.1,0.8219375498896558,0.04,0.06484605500008911,True,0.001,friendship_attack,9600,0.425,28,2.0,3.0,100000,scasan,0.13466900400089798,0,0.0009580582295331721,,10,9600.0,2e-05,0.27
0.1,0.5521114867508726,0.04,1.5208029819987132,True,0.001,friendship_attack,9600,0.425,15,2.0,3.0,100000,socact,0.9367224839952542,0,0.0009022983172105155,,10,9600.0,2e-05,0.27
0.1,0.5367627678389758,0.04,0.01900934200239135,True,0.001,friendship_attack,9600,0.425,6,2.0,3.0,100000,friendship,0.012926638002682012,0,0.0008391325876375224,,10,9600.0,2e-05,0.27
0.1,0.8104354290901692,0.04,0.06532426699413918,True,0.001,friendship_attack,12800,0.425,28,2.0,3.0,100000,scasan,0.1384184330017888,0,0.0009579131402456997,,10,12800.0,2e-05,0.27
0.1,0.5276493089793555,0.04,1.5176349850007682,True,0.001,friendship_attack,12800,0.425,15,2.0,3.0,100000,socact,0.9041929969971534,0,0.0009021594799942928,,10,12800.0,2e-05,0.27
0.1,0.5233281526349564,0.04,0.019775375993049238,True,0.001,friendship_attack,12800,0.425,6,2.0,3.0,100000,friendship,0.013192716003686655,0,0.0008292662348976695,,10,12800.0,2e-05,0.27
0.1,0.864813995711446,0.04,0.07447501299611758,True,0.001,incoming_activity_attack,3200,0.425,28,2.0,3.0,100000,scasan,0.15462054299860029,0,0.0009575168004207518,,10,2e-05,2e-05,0.27
0.1,0.6669043370740793,0.04,1.55328716099757,True,0.001,incoming_activity_attack,3200,0.425,15,2.0,3.0,100000,socact,0.9285143509987392,0,0.0009024084513875882,,10,2e-05,2e-05,0.27
0.1,0.6314251303000422,0.04,0.015548961004242301,True,0.001,incoming_activity_attack,3200,0.425,6,2.0,3.0,100000,friendship,0.012258280999958515,0,0.0008538004026851335,,10,2e-05,2e-05,0.27
0.1,0.853664631951292,0.04,0.06489739799872041,True,0.001,incoming_activity_attack,3200,0.425,28,2.0,3.0,100000,scasan,0.13821636699867668,0,0.00095745193409408,,10,4e-05,4e-05,0.27
0.1,0.6628932087461458,0.04,1.5169579700013855,True,0.001,incoming_activity_attack,3200,0.425,15,2.0,3.0,100000,socact,0.886705972996424,0,0.0009023171685410471,,10,4e-05,4e-05,0.27
0.1,0.6314251303000422,0.04,0.019337707999511622,True,0.001,incoming_activity_attack,3200,0.425,6,2.0,3.0,100000,friendship,0.01297401099873241,0,0.0008538004026851335,,10,4e-05,4e-05,0.27
0.1,0.8439322909329953,0.04,0.06437480299791787,True,0.001,incoming_activity_attack,3200,0.425,28,2.0,3.0,100000,scasan,0.13243402099760715,0,0.000957324414728954,,10,8e-05,8e-05,0.27
0.1,0.6592449484277911,0.04,1.4764198799966834,True,0.001,incoming_activity_attack,3200,0.425,15,2.0,3.0,100000,socact,0.9576308749965392,0,0.0009020994535529246,,10,8e-05,8e-05,0.27
0.1,0.6314251303000422,0.04,0.01883745499799261,True,0.001,incoming_activity_attack,3200,0.425,6,2.0,3.0,100000,friendship,0.012044082999636885,0,0.0008538004026851335,,10,8e-05,8e-05,0.27
0.1,0.8241192969275798,0.04,0.06665673999668797,True,0.001,incoming_activity_attack,3200,0.425,28,2.0,3.0,100000,scasan,0.13562730199919315,0,0.0009575192105217111,,10,0.00016,0.00016,0.27
0.1,0.6551644989122098,0.04,1.4961724200038589,True,0.001,incoming_activity_attack,3200,0.425,15,2.0,3.0,100000,socact,0.9595211190026021,0,0.000902397978489018,,10,0.00016,0.00016,0.27
0.1,0.6314251303000422,0.04,0.01991592100239359,True,0.001,incoming_activity_attack,3200,0.425,6,2.0,3.0,100000,friendship,0.013083284000458661,0,0.0008538004026851335,,10,0.00016,0.00016,0.27
0.1,0.7833794900690239,0.04,0.06385395100369351,True,0.001,incoming_activity_attack,3200,0.425,28,2.0,3.0,100000,scasan,0.1324332139993203,0,0.0009596923660246614,,10,0.00032,0.00032,0.27
0.1,0.6344782207196632,0.04,1.4890283770000678,True,0.001,incoming_activity_attack,3200,0.425,15,2.0,3.0,100000,socact,0.9187793710007099,0,0.0009021477348667487,,10,0.00032,0.00032,0.27
0.1,0.6314251303000422,0.04,0.017611055001907516,True,0.001,incoming_activity_attack,3200,0.425,6,2.0,3.0,100000,friendship,0.012606878000951838,0,0.0008538004026851335,,10,0.00032,0.00032,0.27
0.1,0.7054096664631951,0.04,0.06457786100509111,True,0.001,incoming_activity_attack,3200,0.425,28,2.0,3.0,100000,scasan,0.13438268000027165,0,0.0009573552077366846,,10,0.00064,0.00064,0.27
0.1,0.6103887088948365,0.04,1.4908653980019153,True,0.001,incoming_activity_attack,3200,0.425,15,2.0,3.0,100000,socact,0.8995569449980394,0,0.0009025154207559003,,10,0.00064,0.00064,0.27
0.1,0.6314251303000422,0.04,0.019705498998519033,True,0.001,incoming_activity_attack,3200,0.425,6,2.0,3.0,100000,friendship,0.012043222995998804,0,0.0008538004026851335,,10,0.00064,0.00064,0.27
0.1,0.6194465887214161,0.04,0.06543888799933484,True,0.001,incoming_activity_attack,3200,0.425,28,2.0,3.0,100000,scasan,0.13550714300072286,0,0.0009624717572831471,,10,0.00128,0.00128,0.27
0.1,0.5645615501400824,0.04,1.4882992359998752,True,0.001,incoming_activity_attack,3200,0.425,15,2.0,3.0,100000,socact,0.9620818719995441,0,0.0009013264546645105,,10,0.00128,0.00128,0.27
0.1,0.6314251303000422,0.04,0.01545721699949354,True,0.001,incoming_activity_attack,3200,0.425,6,2.0,3.0,100000,friendship,0.013100588002998848,0,0.0008538004026851335,,10,0.00128,0.00128,0.27
0.01,0.8298274248329186,0.04,0.06185232900315896,True,0.001,alpha,3200,0.425,86,2.0,3.0,100000,scasan,0.4153966899975785,0,0.0009919028042391048,,10,0.01,2e-05,0.27
0.01,0.6669043370740793,0.04,1.55328716099757,True,0.001,alpha,3200,0.425,15,2.0,3.0,100000,socact,0.9285143509987392,0,0.0009024084513875882,,10,0.01,2e-05,0.27
0.01,0.6314251303000422,0.04,0.015548961004242301,True,0.001,alpha,3200,0.425,6,2.0,3.0,100000,friendship,0.012258280999958515,0,0.0008538004026851335,,10,0.01,2e-05,0.27
0.05,0.8605654160992942,0.04,0.061412738999933936,True,0.001,alpha,3200,0.425,44,2.0,3.0,100000,scasan,0.21600291300273966,0,0.0009686214563535201,,10,0.05,2e-05,0.27
0.05,0.6669043370740793,0.04,1.55328716099757,True,0.001,alpha,3200,0.425,15,2.0,3.0,100000,socact,0.9285143509987392,0,0.0009024084513875882,,10,0.05,2e-05,0.27
0.05,0.6314251303000422,0.04,0.015548961004242301,True,0.001,alpha,3200,0.425,6,2.0,3.0,100000,friendship,0.012258280999958515,0,0.0008538004026851335,,10,0.05,2e-05,0.27
0.1,0.864813995711446,0.04,0.07447501299611758,True,0.001,alpha,3200,0.425,28,2.0,3.0,100000,scasan,0.15462054299860029,0,0.0009575168004207518,,10,0.1,2e-05,0.27
0.1,0.6669043370740793,0.04,1.55328716099757,True,0.001,alpha,3200,0.425,15,2.0,3.0,100000,socact,0.9285143509987392,0,0.0009024084513875882,,10,0.1,2e-05,0.27
0.1,0.6314251303000422,0.04,0.015548961004242301,True,0.001,alpha,3200,0.425,6,2.0,3.0,100000,friendship,0.012258280999958515,0,0.0008538004026851335,,10,0.1,2e-05,0.27
0.15,0.8617348139800598,0.04,0.06213227099942742,True,0.001,alpha,3200,0.425,21,2.0,3.0,100000,scasan,0.10136101799434982,0,0.000807044004968284,,10,0.15,2e-05,0.27
0.15,0.6669043370740793,0.04,1.55328716099757,True,0.001,alpha,3200,0.425,15,2.0,3.0,100000,socact,0.9285143509987392,0,0.0009024084513875882,,10,0.15,2e-05,0.27
0.15,0.6314251303000422,0.04,0.015548961004242301,True,0.001,alpha,3200,0.425,6,2.0,3.0,100000,friendship,0.012258280999958515,0,0.0008538004026851335,,10,0.15,2e-05,0.27
0.2,0.8557181606173013,0.04,0.06085583700041752,True,0.001,alpha,3200,0.425,16,2.0,3.0,100000,scasan,0.07810368599893991,0,0.0008376016441823795,,10,0.2,2e-05,0.27
0.2,0.6669043370740793,0.04,1.55328716099757,True,0.001,alpha,3200,0.425,15,2.0,3.0,100000,socact,0.9285143509987392,0,0.0009024084513875882,,10,0.2,2e-05,0.27
0.2,0.6314251303000422,0.04,0.015548961004242301,True,0.001,alpha,3200,0.425,6,2.0,3.0,100000,friendship,0.012258280999958515,0,0.0008538004026851335,,10,0.2,2e-05,0.27
0.1,0.8839142132694746,0.01,0.06195932200353127,True,0.001,beta,3200,0.425,31,2.0,3.0,100000,scasan,0.14753469900460914,0,0.0008765617653753419,,10,0.01,2e-05,0.27
0.1,0.6669043370740793,0.01,1.55328716099757,True,0.001,beta,3200,0.425,15,2.0,3.0,100000,socact,0.9285143509987392,0,0.0009024084513875882,,10,0.01,2e-05,0.27
0.1,0.6314251303000422,0.01,0.015548961004242301,True,0.001,beta,3200,0.425,6,2.0,3.0,100000,friendship,0.012258280999958515,0,0.0008538004026851335,,10,0.01,2e-05,0.27
0.1,0.8432597235917422,0.1,0.06024909199913964,True,0.001,beta,3200,0.425,24,2.0,3.0,100000,scasan,0.11495176199969137,0,0.0009688617558204032,,10,0.1,2e-05,0.27
0.1,0.6669043370740793,0.1,1.55328716099757,True,0.001,beta,3200,0.425,15,2.0,3.0,100000,socact,0.9285143509987392,0,0.0009024084513875882,,10,0.1,2e-05,0.27
0.1,0.6314251303000422,0.1,0.015548961004242301,True,0.001,beta,3200,0.425,6,2.0,3.0,100000,friendship,0.012258280999958515,0,0.0008538004026851335,,10,0.1,2e-05,0.27
0.1,0.8193732450579894,0.2,0.06002979999902891,True,0.001,beta,3200,0.425,20,2.0,3.0,100000,scasan,0.09628603699820815,0,0.0007668805931230453,,10,0.2,2e-05,0.27
0.1,0.6669043370740793,0.2,1.55328716099757,True,0.001,beta,3200,0.425,15,2.0,3.0,100000,socact,0.9285143509987392,0,0.0009024084513875882,,10,0.2,2e-05,0.27
0.1,0.6314251303000422,0.2,0.015548961004242301,True,0.001,beta,3200,0.425,6,2.0,3.0,100000,friendship,0.012258280999958515,0,0.0008538004026851335,,10,0.2,2e-05,0.27
0.1,0.7776968743641515,0.4,0.06123678200674476,True,0.001,beta,3200,0.425,14,2.0,3.0,100000,scasan,0.0681069129932439,0,0.0006228380655891076,,10,0.4,2e-05,0.27
0.1,0.6669043370740793,0.4,1.55328716099757,True,0.001,beta,3200,0.425,15,2.0,3.0,100000,socact,0.9285143509987392,0,0.0009024084513875882,,10,0.4,2e-05,0.27
0.1,0.6314251303000422,0.4,0.015548961004242301,True,0.001,beta,3200,0.425,6,2.0,3.0,100000,friendship,0.012258280999958515,0,0.0008538004026851335,,10,0.4,2e-05,0.27
0.1,0.7271991516802053,0.6,0.060948502003157046,True,0.001,beta,3200,0.425,10,2.0,3.0,100000,scasan,0.047854660006123595,0,0.0005716046411972452,,10,0.6,2e-05,0.27
0.1,0.6669043370740793,0.6,1.55328716099757,True,0.001,beta,3200,0.425,15,2.0,3.0,100000,socact,0.9285143509987392,0,0.0009024084513875882,,10,0.6,2e-05,0.27
0.1,0.6314251303000422,0.6,0.015548961004242301,True,0.001,beta,3200,0.425,6,2.0,3.0,100000,friendship,0.012258280999958515,0,0.0008538004026851335,,10,0.6,2e-05,0.27
0.1,0.6609041336025419,0.8,0.060789784001826774,True,0.001,beta,3200,0.425,7,2.0,3.0,100000,scasan,0.03442133900534827,0,0.0007621106386811627,,10,0.8,2e-05,0.27
0.1,0.6669043370740793,0.8,1.55328716099757,True,0.001,beta,3200,0.425,15,2.0,3.0,100000,socact,0.9285143509987392,0,0.0009024084513875882,,10,0.8,2e-05,0.27
0.1,0.6314251303000422,0.8,0.015548961004242301,True,0.001,beta,3200,0.425,6,2.0,3.0,100000,friendship,0.012258280999958515,0,0.0008538004026851335,,10,0.8,2e-05,0.27
0.1,0.864813995711446,0.04,0.07447501299611758,True,0.001,outgoing_activity_attack,3200,0.425,28,2.0,3.0,100000,scasan,0.15462054299860029,0,0.0009575168004207518,,10,0.27,2e-05,0.27
0.1,0.6669043370740793,0.04,1.55328716099757,True,0.001,outgoing_activity_attack,3200,0.425,15,2.0,3.0,100000,socact,0.9285143509987392,0,0.0009024084513875882,,10,0.27,2e-05,0.27
0.1,0.6314251303000422,0.04,0.015548961004242301,True,0.001,outgoing_activity_attack,3200,0.425,6,2.0,3.0,100000,friendship,0.012258280999958515,0,0.0008538004026851335,,10,0.27,2e-05,0.27
0.1,0.8656622059444993,0.04,0.06478825899830554,True,0.001,outgoing_activity_attack,3200,0.425,28,2.0,3.0,100000,scasan,0.1342241800011834,0,0.0009575157940447597,,10,0.54,2e-05,0.54
0.1,0.6670378144026545,0.04,1.518745866997051,True,0.001,outgoing_activity_attack,3200,0.425,15,2.0,3.0,100000,socact,0.9606360819961992,0,0.0009024074263886108,,10,0.54,2e-05,0.54
0.1,0.6314251303000422,0.04,0.015938953998556826,True,0.001,outgoing_activity_attack,3200,0.425,6,2.0,3.0,100000,friendship,0.012863869000284467,0,0.0008538004026851335,,10,0.54,2e-05,0.54
0.1,0.86849359064657,0.04,0.06618789999629371,True,0.001,outgoing_activity_attack,3200,0.425,28,2.0,3.0,100000,scasan,0.13333642200450413,0,0.0009575156510320366,,10,1.08,2e-05,1.08
0.1,0.6676499820005948,0.04,1.481090392000624,True,0.001,outgoing_activity_attack,3200,0.425,15,2.0,3.0,100000,socact,0.9422538479993818,0,0.0009023979697641817,,10,1.08,2e-05,1.08
0.1,0.6314251303000422,0.04,0.02039107100426918,True,0.001,outgoing_activity_attack,3200,0.425,6,2.0,3.0,100000,friendship,0.012430979004420806,0,0.0008538004026851335,,10,1.08,2e-05,1.08
0.1,0.8699084221564852,0.04,0.06439249999675667,True,0.001,outgoing_activity_attack,3200,0.425,28,2.0,3.0,100000,scasan,0.13773921699612401,0,0.0009575186994826721,,10,2.16,2e-05,2.16
0.1,0.6680000939099404,0.04,1.5124242699966999,True,0.001,outgoing_activity_attack,3200,0.425,15,2.0,3.0,100000,socact,0.9350787030052743,0,0.0009024384916357421,,10,2.16,2e-05,2.16
0.1,0.6314251303000422,0.04,0.019918268000765238,True,0.001,outgoing_activity_attack,3200,0.425,6,2.0,3.0,100000,friendship,0.012769715998729225,0,0.0008538004026851335,,10,2.16,2e-05,2.16
0.1,0.8744919159193001,0.04,0.0643616769957589,True,0.001,outgoing_activity_attack,3200,0.425,28,2.0,3.0,100000,scasan,0.13897030299995095,0,0.0009574114508303437,,10,4.32,2e-05,4.32
0.1,0.669241098120236,0.04,1.5183461510023335,True,0.001,outgoing_activity_attack,3200,0.425,15,2.0,3.0,100000,socact,0.9185603430014453,0,0.0009024591641297429,,10,4.32,2e-05,4.32
0.1,0.6314251303000422,0.04,0.018775102005747613,True,0.001,outgoing_activity_attack,3200,0.425,6,2.0,3.0,100000,friendship,0.013028046996623743,0,0.0008538004026851335,,10,4.32,2e-05,4.32
0.1,0.8808264387785447,0.04,0.0659392969973851,True,0.001,outgoing_activity_attack,3200,0.425,28,2.0,3.0,100000,scasan,0.13739022599474993,0,0.0009578537092078362,,10,8.64,2e-05,8.64
0.1,0.670603324411889,0.04,1.5167486049977015,True,0.001,outgoing_activity_attack,3200,0.425,15,2.0,3.0,100000,socact,0.9250293660006719,0,0.0009025126087261552,,10,8.64,2e-05,8.64
0.1,0.6314251303000422,0.04,0.019135643997287843,True,0.001,outgoing_activity_attack,3200,0.425,6,2.0,3.0,100000,friendship,0.01276877699274337,0,0.0008538004026851335,,10,8.64,2e-05,8.64
0.1,0.8896146249080465,0.04,0.06567967000592034,True,0.001,outgoing_activity_attack,3200,0.425,28,2.0,3.0,100000,scasan,0.13443679200281622,0,0.0009577463217201277,,10,17.28,2e-05,17.28
0.1,0.6739341691318026,0.04,1.5118931699980749,True,0.001,outgoing_activity_attack,3200,0.425,15,2.0,3.0,100000,socact,0.9253233730050852,0,0.0009026385114665536,,10,17.28,2e-05,17.28
0.1,0.6314251303000422,0.04,0.019131118002405856,True,0.001,outgoing_activity_attack,3200,0.425,6,2.0,3.0,100000,friendship,0.012528789004136343,0,0.0008538004026851335,,10,17.28,2e-05,17.28
0.1,0.8845513922148659,0.04,0.05757719499524683,True,0.001,seed_count,3200,0.425,27,2.0,3.0,100000,scasan,0.12631831399630755,0,0.0009890859147152432,,5,5.0,2e-05,0.27
0.1,0.70591729664585,0.04,0.8084201040037442,True,0.001,seed_count,3200,0.425,16,2.0,3.0,100000,socact,0.5595581919988035,0,0.0006984979364014801,,5,5.0,2e-05,0.27
0.1,0.6723633062559672,0.04,0.02005191799980821,True,0.001,seed_count,3200,0.425,8,2.0,3.0,100000,friendship,0.016733923999709077,0,0.0009752212704019079,,5,5.0,2e-05,0.27
0.1,0.864813995711446,0.04,0.07447501299611758,True,0.001,seed_count,3200,0.425,28,2.0,3.0,100000,scasan,0.15462054299860029,0,0.0009575168004207518,,10,10.0,2e-05,0.27
0.1,0.6669043370740793,0.04,1.55328716099757,True,0.001,seed_count,3200,0.425,15,2.0,3.0,100000,socact,0.9285143509987392,0,0.0009024084513875882,,10,10.0,2e-05,0.27
0.1,0.6314251303000422,0.04,0.015548961004242301,True,0.001,seed_count,3200,0.425,6,2.0,3.0,100000,friendship,0.012258280999958515,0,0.0008538004026851335,,10,10.0,2e-05,0.27
0.1,0.8839786980951934,0.04,0.06305624900414841,True,0.001,seed_count,3200,0.425,28,2.0,3.0,100000,scasan,0.14014786199550144,0,0.0009665911891339775,,15,15.0,2e-05,0.27
0.1,0.6972012490022069,0.04,2.166101686998445,True,0.001,seed_count,3200,0.425,15,2.0,3.0,100000,socact,1.2632069530009176,0,0.0009443940582767465,,15,15.0,2e-05,0.27
0.1,0.6504179461896041,0.04,0.02005177899991395,True,0.001,seed_count,3200,0.425,8,2.0,3.0,100000,friendship,0.01626022099662805,0,0.0006715941160271383,,15,15.0,2e-05,0.27
0.1,0.8904171323034543,0.04,0.07081431199912913,True,0.001,seed_count,3200,0.425,23,2.0,3.0,100000,scasan,0.12589680300152395,0,0.0009758783597180632,,20,20.0,2e-05,0.27
0.1,0.68096761672223,0.04,2.949853769998299,True,0.001,seed_count,3200,0.425,14,2.0,3.0,100000,socact,1.6216180979972705,0,0.0008995816691826967,,20,20.0,2e-05,0.27
0.1,0.5751348703260241,0.04,0.019441262003965676,True,0.001,seed_count,3200,0.425,7,2.0,3.0,100000,friendship,0.014132600001175888,0,0.0008585454824140944,,20,20.0,2e-05,0.27
0.1,0.8570680377517961,0.04,0.060467706003692,True,0.001,lambda1,3200,0.425,31,1.0,3.0,100000,scasan,0.14918682300049113,0,0.0009124858810594367,,10,1.0,2e-05,0.27
0.1,0.6669043370740793,0.04,1.55328716099757,True,0.001,lambda1,3200,0.425,15,1.0,3.0,100000,socact,0.9285143509987392,0,0.0009024084513875882,,10,1.0,2e-05,0.27
0.1,0.6314251303000422,0.04,0.015548961004242301,True,0.001,lambda1,3200,0.425,6,1.0,3.0,100000,friendship,0.012258280999958515,0,0.0008538004026851335,,10,1.0,2e-05,0.27
0.1,0.8615730854110908,0.04,0.06038309900031891,True,0.001,lambda1,3200,0.425,30,1.5,3.0,100000,scasan,0.14657549899857258,0,0.0008378745619342108,,10,1.5,2e-05,0.27
0.1,0.6669043370740793,0.04,1.55328716099757,True,0.001,lambda1,3200,0.425,15,1.5,3.0,100000,socact,0.9285143509987392,0,0.0009024084513875882,,10,1.5,2e-05,0.27
0.1,0.6314251303000422,0.04,0.015548961004242301,True,0.001,lambda1,3200,0.425,6,1.5,3.0,100000,friendship,0.012258280999958515,0,0.0008538004026851335,,10,1.5,2e-05,0.27
0.1,0.864813995711446,0.04,0.07447501299611758,True,0.001,lambda1,3200,0.425,28,2.0,3.0,100000,scasan,0.15462054299860029,0,0.0009575168004207518,,10,2.0,2e-05,0.27
0.1,0.6669043370740793,0.04,1.55328716099757,True,0.001,lambda1,3200,0.425,15,2.0,3.0,100000,socact,0.9285143509987392,0,0.0009024084513875882,,10,2.0,2e-05,0.27
0.1,0.6314251303000422,0.04,0.015548961004242301,True,0.001,lambda1,3200,0.425,6,2.0,3.0,100000,friendship,0.012258280999958515,0,0.0008538004026851335,,10,2.0,2e-05,0.27
0.1,0.8671919049631404,0.04,0.06045948900282383,True,0.001,lambda1,3200,0.425,27,2.5,3.0,100000,scasan,0.13252834800368873,0,0.0009670342720656022,,10,2.5,2e-05,0.27
0.1,0.6669043370740793,0.04,1.55328716099757,True,0.001,lambda1,3200,0.425,15,2.5,3.0,100000,socact,0.9285143509987392,0,0.0009024084513875882,,10,2.5,2e-05,0.27
0.1,0.6314251303000422,0.04,0.015548961004242301,True,0.001,lambda1,3200,0.425,6,2.5,3.0,100000,friendship,0.012258280999958515,0,0.0008538004026851335,,10,2.5,2e-05,0.27
0.1,0.8667880609162479,0.04,0.05984983300004387,True,0.001,lambda2,3200,0.425,28,2.0,2.5,100000,scasan,0.13539719900290947,0,0.0008209898442289756,,10,2.5,2e-05,0.27
0.1,0.6669043370740793,0.04,1.55328716099757,True,0.001,lambda2,3200,0.425,15,2.0,2.5,100000,socact,0.9285143509987392,0,0.0009024084513875882,,10,2.5,2e-05,0.27
0.1,0.6314251303000422,0.04,0.015548961004242301,True,0.001,lambda2,3200,0.425,6,2.0,2.5,100000,friendship,0.012258280999958515,0,0.0008538004026851335,,10,2.5,2e-05,0.27
0.1,0.864813995711446,0.04,0.07447501299611758,True,0.001,lambda2,3200,0.425,28,2.0,3.0,100000,scasan,0.15462054299860029,0,0.0009575168004207518,,10,3.0,2e-05,0.27
0.1,0.6669043370740793,0.04,1.55328716099757,True,0.001,lambda2,3200,0.425,15,2.0,3.0,100000,socact,0.9285143509987392,0,0.0009024084513875882,,10,3.0,2e-05,0.27
0.1,0.6314251303000422,0.04,0.015548961004242301,True,0.001,lambda2,3200,0.425,6,2.0,3.0,100000,friendship,0.012258280999958515,0,0.0008538004026851335,,10,3.0,2e-05,0.27
0.1,0.8630962733405331,0.04,0.06143488999805413,True,0.001,lambda2,3200,0.425,29,2.0,3.5,100000,scasan,0.13900231799925677,0,0.0009173166232248882,,10,3.5,2e-05,0.27
0.1,0.6669043370740793,0.04,1.55328716099757,True,0.001,lambda2,3200,0.425,15,2.0,3.5,100000,socact,0.9285143509987392,0,0.0009024084513875882,,10,3.5,2e-05,0.27
0.1,0.6314251303000422,0.04,0.015548961004242301,True,0.001,lambda2,3200,0.425,6,2.0,3.5,100000,friendship,0.012258280999958515,0,0.0008538004026851335,,10,3.5,2e-05,0.27
0.1,0.8615085692820585,0.04,0.06228833200293593,True,0.001,lambda2,3200,0.425,30,2.0,4.0,100000,scasan,0.14963098800217267,0,0.0008378745148983884,,10,4.0,2e-05,0.27
0.1,0.6669043370740793,0.04,1.55328716099757,True,0.001,lambda2,3200,0.425,15,2.0,4.0,100000,socact,0.9285143509987392,0,0.0009024084513875882,,10,4.0,2e-05,0.27
0.1,0.6314251303000422,0.04,0.015548961004242301,True,0.001,lambda2,3200,0.425,6,2.0,4.0,100000,friendship,0.012258280999958515,0,0.0008538004026851335,,10,4.0,2e-05,0.27
0.1,0.7936277566480412,0.3,0.060769807001634035,True,0.002,runtime_beta_0.3,3200,0.425,14,2.0,3.0,100000,scasan,0.06969166999624576,0,0.0016264912776805067,0.3,10,0.002,2e-05,0.27
0.1,0.6618505110265922,0.3,1.5042193499975838,True,0.002,runtime_beta_0.3,3200,0.425,13,2.0,3.0,100000,socact,0.8225201820023358,0,0.0019080351246108312,0.3,10,0.002,2e-05,0.27
0.1,0.7976328590881345,0.3,0.06539125600102125,True,0.001,runtime_beta_0.3,3200,0.425,16,2.0,3.0,100000,scasan,0.07848998799454421,0,0.0008419830448513561,0.3,10,0.001,2e-05,0.27
0.1,0.6669043370740793,0.3,1.55328716099757,True,0.001,runtime_beta_0.3,3200,0.425,15,2.0,3.0,100000,socact,0.9285143509987392,0,0.0009024084513875882,0.3,10,0.001,2e-05,0.27
0.1,0.8005564007450189,0.3,0.06124959699809551,True,0.0005,runtime_beta_0.3,3200,0.425,18,2.0,3.0,100000,scasan,0.08619310899666743,0,0.0004416179316030832,0.3,10,0.0005,2e-05,0.27
0.1,0.6707835688907671,0.3,1.5175346510004601,True,0.0005,runtime_beta_0.3,3200,0.425,17,2.0,3.0,100000,socact,1.061284880997846,0,0.00042990793439136863,0.3,10,0.0005,2e-05,0.27
0.1,0.7714768120705576,0.4,0.0659288979950361,True,0.002,runtime_beta_0.4,3200,0.425,12,2.0,3.0,100000,scasan,0.05950889800442383,0,0.0013776317763095538,0.4,10,0.002,2e-05,0.27
0.1,0.6618505110265922,0.4,1.5042193499975838,True,0.002,runtime_beta_0.4,3200,0.425,13,2.0,3.0,100000,socact,0.8225201820023358,0,0.0019080351246108312,0.4,10,0.002,2e-05,0.27
0.1,0.7776968743641515,0.4,0.06123678200674476,True,0.001,runtime_beta_0.4,3200,0.425,14,2.0,3.0,100000,scasan,0.0681069129932439,0,0.0006228380655891076,0.4,10,0.001,2e-05,0.27
0.1,0.6669043370740793,0.4,1.55328716099757,True,0.001,runtime_beta_0.4,3200,0.425,15,2.0,3.0,100000,socact,0.9285143509987392,0,0.0009024084513875882,0.4,10,0.001,2e-05,0.27
0.1,0.7822048488832543,0.4,0.06273543000133941,True,0.0005,runtime_beta_0.4,3200,0.425,15,2.0,3.0,100000,scasan,0.07516995000332827,0,0.00045485767934891683,0.4,10,0.0005,2e-05,0.27
0.1,0.6707835688907671,0.4,1.5175346510004601,True,0.0005,runtime_beta_0.4,3200,0.425,17,2.0,3.0,100000,socact,1.061284880997846,0,0.00042990793439136863,0.4,10,0.0005,2e-05,0.27
